#term ID,term description,observed gene count,background gene count,strength,false discovery rate,matching proteins in your network (IDs),matching proteins in your network (labels)
GO:0002757,immune response-activating signal transduction,11,332,1.53,2.92E-12,"9606.ENSP00000221452,9606.ENSP00000319279,9606.ENSP00000348632,9606.ENSP00000356669,9606.ENSP00000359612,9606.ENSP00000362179,9606.ENSP00000362774,9606.ENSP00000368215,9606.ENSP00000376505,9606.ENSP00000392025,9606.ENSP00000481570","RELB,MALT1,RBCK1,RC3H1,BCL10,ZC3H12A,RC3H2,TAB3,TANK,CYLD,TNFAIP3"
GO:0002429,immune response-activating cell surface receptor signaling pathway,8,234,1.55,7.03E-09,"9606.ENSP00000221452,9606.ENSP00000319279,9606.ENSP00000348632,9606.ENSP00000356669,9606.ENSP00000359612,9606.ENSP00000362179,9606.ENSP00000362774,9606.ENSP00000368215","RELB,MALT1,RBCK1,RC3H1,BCL10,ZC3H12A,RC3H2,TAB3"
GO:0007249,I-kappaB kinase/NF-kappaB signaling,6,70,1.95,1.31E-08,"9606.ENSP00000221452,9606.ENSP00000348632,9606.ENSP00000359612,9606.ENSP00000368215,9606.ENSP00000376505,9606.ENSP00000482657","RELB,RBCK1,BCL10,TAB3,TANK,MAP3K14"
GO:0002758,innate immune response-activating signal transduction,7,168,1.63,1.93E-08,"9606.ENSP00000221452,9606.ENSP00000319279,9606.ENSP00000359612,9606.ENSP00000368215,9606.ENSP00000376505,9606.ENSP00000392025,9606.ENSP00000481570","RELB,MALT1,BCL10,TAB3,TANK,CYLD,TNFAIP3"
GO:0043122,regulation of I-kappaB kinase/NF-kappaB signaling,7,167,1.64,1.93E-08,"9606.ENSP00000286186,9606.ENSP00000348632,9606.ENSP00000359612,9606.ENSP00000362179,9606.ENSP00000376505,9606.ENSP00000481570,9606.ENSP00000482657","CASP10,RBCK1,BCL10,ZC3H12A,TANK,TNFAIP3,MAP3K14"
GO:0050852,T cell receptor signaling pathway,6,93,1.82,3.32E-08,"9606.ENSP00000319279,9606.ENSP00000348632,9606.ENSP00000356669,9606.ENSP00000359612,9606.ENSP00000362179,9606.ENSP00000362774","MALT1,RBCK1,RC3H1,BCL10,ZC3H12A,RC3H2"
GO:1901222,regulation of NIK/NF-kappaB signaling,6,97,1.8,3.62E-08,"9606.ENSP00000319279,9606.ENSP00000348632,9606.ENSP00000356669,9606.ENSP00000362179,9606.ENSP00000362774,9606.ENSP00000392025","MALT1,RBCK1,RC3H1,ZC3H12A,RC3H2,CYLD"
GO:0048584,positive regulation of response to stimulus,13,2054,0.81,1.93E-07,"9606.ENSP00000221452,9606.ENSP00000286186,9606.ENSP00000319279,9606.ENSP00000348632,9606.ENSP00000356669,9606.ENSP00000359612,9606.ENSP00000362179,9606.ENSP00000362774,9606.ENSP00000368215,9606.ENSP00000376505,9606.ENSP00000392025,9606.ENSP00000481570,9606.ENSP00000482657","RELB,CASP10,MALT1,RBCK1,RC3H1,BCL10,ZC3H12A,RC3H2,TAB3,TANK,CYLD,TNFAIP3,MAP3K14"
GO:0002831,regulation of response to biotic stimulus,8,426,1.29,2.12E-07,"9606.ENSP00000221452,9606.ENSP00000319279,9606.ENSP00000359612,9606.ENSP00000362179,9606.ENSP00000368215,9606.ENSP00000376505,9606.ENSP00000392025,9606.ENSP00000481570","RELB,MALT1,BCL10,ZC3H12A,TAB3,TANK,CYLD,TNFAIP3"
GO:2000319,regulation of T-helper 17 cell differentiation,4,17,2.38,2.13E-07,"9606.ENSP00000319279,9606.ENSP00000356669,9606.ENSP00000362179,9606.ENSP00000362774","MALT1,RC3H1,ZC3H12A,RC3H2"
GO:1902531,regulation of intracellular signal transduction,12,1764,0.85,4.03E-07,"9606.ENSP00000286186,9606.ENSP00000319279,9606.ENSP00000348632,9606.ENSP00000356669,9606.ENSP00000359612,9606.ENSP00000362179,9606.ENSP00000362774,9606.ENSP00000368215,9606.ENSP00000376505,9606.ENSP00000392025,9606.ENSP00000481570,9606.ENSP00000482657","CASP10,MALT1,RBCK1,RC3H1,BCL10,ZC3H12A,RC3H2,TAB3,TANK,CYLD,TNFAIP3,MAP3K14"
GO:1903320,regulation of protein modification by small protein conjugation or removal,6,220,1.45,2.12E-06,"9606.ENSP00000262384,9606.ENSP00000319279,9606.ENSP00000359612,9606.ENSP00000362179,9606.ENSP00000376505,9606.ENSP00000481570","N4BP1,MALT1,BCL10,ZC3H12A,TANK,TNFAIP3"
GO:0043902,positive regulation of multi-organism process,7,394,1.26,2.18E-06,"9606.ENSP00000221452,9606.ENSP00000319279,9606.ENSP00000359612,9606.ENSP00000368215,9606.ENSP00000376505,9606.ENSP00000392025,9606.ENSP00000481570","RELB,MALT1,BCL10,TAB3,TANK,CYLD,TNFAIP3"
GO:0050856,regulation of T cell receptor signaling pathway,4,36,2.06,2.18E-06,"9606.ENSP00000319279,9606.ENSP00000356669,9606.ENSP00000359612,9606.ENSP00000392025","MALT1,RC3H1,BCL10,CYLD"
GO:0051090,regulation of DNA-binding transcription factor activity,7,403,1.25,2.37E-06,"9606.ENSP00000319279,9606.ENSP00000348632,9606.ENSP00000359612,9606.ENSP00000362179,9606.ENSP00000368215,9606.ENSP00000392025,9606.ENSP00000481570","MALT1,RBCK1,BCL10,ZC3H12A,TAB3,CYLD,TNFAIP3"
GO:0051249,regulation of lymphocyte activation,7,401,1.25,2.37E-06,"9606.ENSP00000319279,9606.ENSP00000356669,9606.ENSP00000359612,9606.ENSP00000362179,9606.ENSP00000362774,9606.ENSP00000392025,9606.ENSP00000481570","MALT1,RC3H1,BCL10,ZC3H12A,RC3H2,CYLD,TNFAIP3"
GO:0002221,pattern recognition receptor signaling pathway,5,114,1.65,2.79E-06,"9606.ENSP00000359612,9606.ENSP00000368215,9606.ENSP00000376505,9606.ENSP00000392025,9606.ENSP00000481570","BCL10,TAB3,TANK,CYLD,TNFAIP3"
GO:0043900,regulation of multi-organism process,8,653,1.1,2.87E-06,"9606.ENSP00000221452,9606.ENSP00000319279,9606.ENSP00000359612,9606.ENSP00000362179,9606.ENSP00000368215,9606.ENSP00000376505,9606.ENSP00000392025,9606.ENSP00000481570","RELB,MALT1,BCL10,ZC3H12A,TAB3,TANK,CYLD,TNFAIP3"
GO:0045581,negative regulation of T cell differentiation,4,41,2,2.92E-06,"9606.ENSP00000356669,9606.ENSP00000362179,9606.ENSP00000362774,9606.ENSP00000392025","RC3H1,ZC3H12A,RC3H2,CYLD"
GO:1902533,positive regulation of intracellular signal transduction,9,959,0.99,3.09E-06,"9606.ENSP00000286186,9606.ENSP00000319279,9606.ENSP00000348632,9606.ENSP00000356669,9606.ENSP00000359612,9606.ENSP00000362179,9606.ENSP00000362774,9606.ENSP00000368215,9606.ENSP00000482657","CASP10,MALT1,RBCK1,RC3H1,BCL10,ZC3H12A,RC3H2,TAB3,MAP3K14"
GO:0031347,regulation of defense response,8,676,1.09,3.43E-06,"9606.ENSP00000221452,9606.ENSP00000319279,9606.ENSP00000359612,9606.ENSP00000362179,9606.ENSP00000368215,9606.ENSP00000376505,9606.ENSP00000392025,9606.ENSP00000481570","RELB,MALT1,BCL10,ZC3H12A,TAB3,TANK,CYLD,TNFAIP3"
GO:0045580,regulation of T cell differentiation,5,130,1.6,4.42E-06,"9606.ENSP00000319279,9606.ENSP00000356669,9606.ENSP00000362179,9606.ENSP00000362774,9606.ENSP00000392025","MALT1,RC3H1,ZC3H12A,RC3H2,CYLD"
GO:2000320,negative regulation of T-helper 17 cell differentiation,3,9,2.54,4.69E-06,"9606.ENSP00000356669,9606.ENSP00000362179,9606.ENSP00000362774","RC3H1,ZC3H12A,RC3H2"
GO:0002822,regulation of adaptive immune response based on somatic recombination of immune receptors built from immunoglobulin superfamily domains,5,135,1.58,4.80E-06,"9606.ENSP00000319279,9606.ENSP00000356669,9606.ENSP00000362179,9606.ENSP00000362774,9606.ENSP00000481570","MALT1,RC3H1,ZC3H12A,RC3H2,TNFAIP3"
GO:0051250,negative regulation of lymphocyte activation,5,135,1.58,4.80E-06,"9606.ENSP00000356669,9606.ENSP00000362179,9606.ENSP00000362774,9606.ENSP00000392025,9606.ENSP00000481570","RC3H1,ZC3H12A,RC3H2,CYLD,TNFAIP3"
GO:1903037,regulation of leukocyte cell-cell adhesion,6,278,1.35,4.91E-06,"9606.ENSP00000319279,9606.ENSP00000356669,9606.ENSP00000359612,9606.ENSP00000362179,9606.ENSP00000362774,9606.ENSP00000392025","MALT1,RC3H1,BCL10,ZC3H12A,RC3H2,CYLD"
GO:2000628,regulation of miRNA metabolic process,3,10,2.49,5.17E-06,"9606.ENSP00000356669,9606.ENSP00000362179,9606.ENSP00000362774","RC3H1,ZC3H12A,RC3H2"
GO:0002376,immune system process,12,2370,0.72,5.18E-06,"9606.ENSP00000221452,9606.ENSP00000319279,9606.ENSP00000348632,9606.ENSP00000356669,9606.ENSP00000359612,9606.ENSP00000362179,9606.ENSP00000362774,9606.ENSP00000368215,9606.ENSP00000376505,9606.ENSP00000392025,9606.ENSP00000481570,9606.ENSP00000482657","RELB,MALT1,RBCK1,RC3H1,BCL10,ZC3H12A,RC3H2,TAB3,TANK,CYLD,TNFAIP3,MAP3K14"
GO:0009967,positive regulation of signal transduction,10,1493,0.84,6.71E-06,"9606.ENSP00000286186,9606.ENSP00000319279,9606.ENSP00000348632,9606.ENSP00000356669,9606.ENSP00000359612,9606.ENSP00000362179,9606.ENSP00000362774,9606.ENSP00000368215,9606.ENSP00000392025,9606.ENSP00000482657","CASP10,MALT1,RBCK1,RC3H1,BCL10,ZC3H12A,RC3H2,TAB3,CYLD,MAP3K14"
GO:0050863,regulation of T cell activation,6,302,1.31,6.71E-06,"9606.ENSP00000319279,9606.ENSP00000356669,9606.ENSP00000359612,9606.ENSP00000362179,9606.ENSP00000362774,9606.ENSP00000392025","MALT1,RC3H1,BCL10,ZC3H12A,RC3H2,CYLD"
GO:0035556,intracellular signal transduction,10,1528,0.83,7.82E-06,"9606.ENSP00000221452,9606.ENSP00000319279,9606.ENSP00000348632,9606.ENSP00000349458,9606.ENSP00000359612,9606.ENSP00000368215,9606.ENSP00000376505,9606.ENSP00000392025,9606.ENSP00000481570,9606.ENSP00000482657","RELB,MALT1,RBCK1,ICK,BCL10,TAB3,TANK,CYLD,TNFAIP3,MAP3K14"
GO:0061158,3'-UTR-mediated mRNA destabilization,3,13,2.38,7.88E-06,"9606.ENSP00000356669,9606.ENSP00000362179,9606.ENSP00000386616","RC3H1,ZC3H12A,ZC3H12D"
GO:0002223,stimulatory C-type lectin receptor signaling pathway,4,62,1.82,7.91E-06,"9606.ENSP00000221452,9606.ENSP00000319279,9606.ENSP00000359612,9606.ENSP00000368215","RELB,MALT1,BCL10,TAB3"
GO:1901224,positive regulation of NIK/NF-kappaB signaling,4,69,1.78,1.15E-05,"9606.ENSP00000319279,9606.ENSP00000348632,9606.ENSP00000356669,9606.ENSP00000362774","MALT1,RBCK1,RC3H1,RC3H2"
GO:0002697,regulation of immune effector process,6,362,1.23,1.50E-05,"9606.ENSP00000319279,9606.ENSP00000356669,9606.ENSP00000359612,9606.ENSP00000362179,9606.ENSP00000362774,9606.ENSP00000481570","MALT1,RC3H1,BCL10,ZC3H12A,RC3H2,TNFAIP3"
GO:0048872,homeostasis of number of cells,5,193,1.43,1.63E-05,"9606.ENSP00000271417,9606.ENSP00000356669,9606.ENSP00000362774,9606.ENSP00000392025,9606.ENSP00000481570","ILDR2,RC3H1,RC3H2,CYLD,TNFAIP3"
GO:0007166,cell surface receptor signaling pathway,11,2198,0.71,1.79E-05,"9606.ENSP00000221452,9606.ENSP00000286186,9606.ENSP00000319279,9606.ENSP00000348632,9606.ENSP00000356669,9606.ENSP00000359612,9606.ENSP00000362179,9606.ENSP00000362774,9606.ENSP00000368215,9606.ENSP00000392025,9606.ENSP00000482657","RELB,CASP10,MALT1,RBCK1,RC3H1,BCL10,ZC3H12A,RC3H2,TAB3,CYLD,MAP3K14"
GO:0032088,negative regulation of NF-kappaB transcription factor activity,4,80,1.71,1.79E-05,"9606.ENSP00000348632,9606.ENSP00000362179,9606.ENSP00000392025,9606.ENSP00000481570","RBCK1,ZC3H12A,CYLD,TNFAIP3"
GO:0070647,protein modification by small protein conjugation or removal,8,945,0.94,2.11E-05,"9606.ENSP00000319279,9606.ENSP00000348632,9606.ENSP00000356669,9606.ENSP00000359612,9606.ENSP00000362179,9606.ENSP00000362774,9606.ENSP00000392025,9606.ENSP00000481570","MALT1,RBCK1,RC3H1,BCL10,ZC3H12A,RC3H2,CYLD,TNFAIP3"
GO:0032101,regulation of response to external stimulus,8,955,0.94,2.24E-05,"9606.ENSP00000221452,9606.ENSP00000319279,9606.ENSP00000359612,9606.ENSP00000362179,9606.ENSP00000368215,9606.ENSP00000376505,9606.ENSP00000392025,9606.ENSP00000481570","RELB,MALT1,BCL10,ZC3H12A,TAB3,TANK,CYLD,TNFAIP3"
GO:0042110,T cell activation,5,225,1.36,3.05E-05,"9606.ENSP00000221452,9606.ENSP00000319279,9606.ENSP00000356669,9606.ENSP00000362774,9606.ENSP00000392025","RELB,MALT1,RC3H1,RC3H2,CYLD"
GO:0001782,B cell homeostasis,3,24,2.11,3.08E-05,"9606.ENSP00000356669,9606.ENSP00000362774,9606.ENSP00000481570","RC3H1,RC3H2,TNFAIP3"
GO:0002683,negative regulation of immune system process,6,425,1.16,3.08E-05,"9606.ENSP00000356669,9606.ENSP00000359612,9606.ENSP00000362179,9606.ENSP00000362774,9606.ENSP00000392025,9606.ENSP00000481570","RC3H1,BCL10,ZC3H12A,RC3H2,CYLD,TNFAIP3"
GO:0023052,signaling,15,5108,0.48,3.08E-05,"9606.ENSP00000221452,9606.ENSP00000271417,9606.ENSP00000286186,9606.ENSP00000319279,9606.ENSP00000348632,9606.ENSP00000349458,9606.ENSP00000356669,9606.ENSP00000359612,9606.ENSP00000362179,9606.ENSP00000362774,9606.ENSP00000368215,9606.ENSP00000376505,9606.ENSP00000392025,9606.ENSP00000481570,9606.ENSP00000482657","RELB,ILDR2,CASP10,MALT1,RBCK1,ICK,RC3H1,BCL10,ZC3H12A,RC3H2,TAB3,TANK,CYLD,TNFAIP3,MAP3K14"
GO:0030098,lymphocyte differentiation,5,226,1.36,3.08E-05,"9606.ENSP00000221452,9606.ENSP00000319279,9606.ENSP00000356669,9606.ENSP00000362774,9606.ENSP00000392025","RELB,MALT1,RC3H1,RC3H2,CYLD"
GO:0042093,T-helper cell differentiation,3,26,2.07,3.50E-05,"9606.ENSP00000221452,9606.ENSP00000356669,9606.ENSP00000362774","RELB,RC3H1,RC3H2"
GO:0007154,cell communication,15,5219,0.47,3.77E-05,"9606.ENSP00000221452,9606.ENSP00000271417,9606.ENSP00000286186,9606.ENSP00000319279,9606.ENSP00000348632,9606.ENSP00000349458,9606.ENSP00000356669,9606.ENSP00000359612,9606.ENSP00000362179,9606.ENSP00000362774,9606.ENSP00000368215,9606.ENSP00000376505,9606.ENSP00000392025,9606.ENSP00000481570,9606.ENSP00000482657","RELB,ILDR2,CASP10,MALT1,RBCK1,ICK,RC3H1,BCL10,ZC3H12A,RC3H2,TAB3,TANK,CYLD,TNFAIP3,MAP3K14"
GO:0070423,nucleotide-binding oligomerization domain containing signaling pathway,3,27,2.06,3.77E-05,"9606.ENSP00000368215,9606.ENSP00000392025,9606.ENSP00000481570","TAB3,CYLD,TNFAIP3"
GO:0048523,negative regulation of cellular process,14,4454,0.51,4.10E-05,"9606.ENSP00000221452,9606.ENSP00000262384,9606.ENSP00000319279,9606.ENSP00000348632,9606.ENSP00000356669,9606.ENSP00000359612,9606.ENSP00000362179,9606.ENSP00000362774,9606.ENSP00000368215,9606.ENSP00000376505,9606.ENSP00000378400,9606.ENSP00000386616,9606.ENSP00000392025,9606.ENSP00000481570","RELB,N4BP1,MALT1,RBCK1,RC3H1,BCL10,ZC3H12A,RC3H2,TAB3,TANK,LIMA1,ZC3H12D,CYLD,TNFAIP3"
GO:0042098,T cell proliferation,3,31,2,5.01E-05,"9606.ENSP00000319279,9606.ENSP00000356669,9606.ENSP00000362774","MALT1,RC3H1,RC3H2"
GO:0043123,positive regulation of I-kappaB kinase/NF-kappaB signaling,4,122,1.53,6.23E-05,"9606.ENSP00000286186,9606.ENSP00000348632,9606.ENSP00000359612,9606.ENSP00000482657","CASP10,RBCK1,BCL10,MAP3K14"
GO:0071347,cellular response to interleukin-1,4,124,1.52,6.50E-05,"9606.ENSP00000356669,9606.ENSP00000362179,9606.ENSP00000368215,9606.ENSP00000376505","RC3H1,ZC3H12A,TAB3,TANK"
GO:0038061,NIK/NF-kappaB signaling,3,35,1.95,6.58E-05,"9606.ENSP00000221452,9606.ENSP00000319279,9606.ENSP00000482657","RELB,MALT1,MAP3K14"
GO:0071214,cellular response to abiotic stimulus,5,282,1.26,6.58E-05,"9606.ENSP00000221452,9606.ENSP00000262384,9606.ENSP00000359612,9606.ENSP00000376505,9606.ENSP00000482657","RELB,N4BP1,BCL10,TANK,MAP3K14"
GO:0007165,signal transduction,14,4738,0.48,7.59E-05,"9606.ENSP00000221452,9606.ENSP00000286186,9606.ENSP00000319279,9606.ENSP00000348632,9606.ENSP00000349458,9606.ENSP00000356669,9606.ENSP00000359612,9606.ENSP00000362179,9606.ENSP00000362774,9606.ENSP00000368215,9606.ENSP00000376505,9606.ENSP00000392025,9606.ENSP00000481570,9606.ENSP00000482657","RELB,CASP10,MALT1,RBCK1,ICK,RC3H1,BCL10,ZC3H12A,RC3H2,TAB3,TANK,CYLD,TNFAIP3,MAP3K14"
GO:0030217,T cell differentiation,4,131,1.5,7.59E-05,"9606.ENSP00000221452,9606.ENSP00000356669,9606.ENSP00000362774,9606.ENSP00000392025","RELB,RC3H1,RC3H2,CYLD"
GO:1903322,positive regulation of protein modification by small protein conjugation or removal,4,131,1.5,7.59E-05,"9606.ENSP00000319279,9606.ENSP00000359612,9606.ENSP00000362179,9606.ENSP00000376505","MALT1,BCL10,ZC3H12A,TANK"
GO:0050777,negative regulation of immune response,4,136,1.48,8.46E-05,"9606.ENSP00000356669,9606.ENSP00000362179,9606.ENSP00000362774,9606.ENSP00000481570","RC3H1,ZC3H12A,RC3H2,TNFAIP3"
GO:0043124,negative regulation of I-kappaB kinase/NF-kappaB signaling,3,42,1.87,9.56E-05,"9606.ENSP00000362179,9606.ENSP00000376505,9606.ENSP00000481570","ZC3H12A,TANK,TNFAIP3"
GO:0051092,positive regulation of NF-kappaB transcription factor activity,4,142,1.46,9.56E-05,"9606.ENSP00000319279,9606.ENSP00000348632,9606.ENSP00000359612,9606.ENSP00000368215","MALT1,RBCK1,BCL10,TAB3"
GO:0032480,negative regulation of type I interferon production,3,43,1.86,0.0001,"9606.ENSP00000221452,9606.ENSP00000392025,9606.ENSP00000481570","RELB,CYLD,TNFAIP3"
GO:0048522,positive regulation of cellular process,14,4898,0.47,0.0001,"9606.ENSP00000221452,9606.ENSP00000286186,9606.ENSP00000319279,9606.ENSP00000348632,9606.ENSP00000356669,9606.ENSP00000359612,9606.ENSP00000362179,9606.ENSP00000362774,9606.ENSP00000368215,9606.ENSP00000376505,9606.ENSP00000386616,9606.ENSP00000392025,9606.ENSP00000481570,9606.ENSP00000482657","RELB,CASP10,MALT1,RBCK1,RC3H1,BCL10,ZC3H12A,RC3H2,TAB3,TANK,ZC3H12D,CYLD,TNFAIP3,MAP3K14"
GO:0061470,T follicular helper cell differentiation,2,4,2.71,0.00011,"9606.ENSP00000356669,9606.ENSP00000362774","RC3H1,RC3H2"
GO:0019538,protein metabolic process,13,4194,0.5,0.00012,"9606.ENSP00000286186,9606.ENSP00000319279,9606.ENSP00000348632,9606.ENSP00000349458,9606.ENSP00000356669,9606.ENSP00000359612,9606.ENSP00000362179,9606.ENSP00000362774,9606.ENSP00000368215,9606.ENSP00000376505,9606.ENSP00000392025,9606.ENSP00000481570,9606.ENSP00000482657","CASP10,MALT1,RBCK1,ICK,RC3H1,BCL10,ZC3H12A,RC3H2,TAB3,TANK,CYLD,TNFAIP3,MAP3K14"
GO:2001236,regulation of extrinsic apoptotic signaling pathway,4,158,1.42,0.00013,"9606.ENSP00000348632,9606.ENSP00000359612,9606.ENSP00000392025,9606.ENSP00000481570","RBCK1,BCL10,CYLD,TNFAIP3"
GO:0002520,immune system development,6,601,1.01,0.00014,"9606.ENSP00000221452,9606.ENSP00000319279,9606.ENSP00000356669,9606.ENSP00000362774,9606.ENSP00000392025,9606.ENSP00000481570","RELB,MALT1,RC3H1,RC3H2,CYLD,TNFAIP3"
GO:0001817,regulation of cytokine production,6,615,1,0.00015,"9606.ENSP00000221452,9606.ENSP00000319279,9606.ENSP00000359612,9606.ENSP00000362179,9606.ENSP00000392025,9606.ENSP00000481570","RELB,MALT1,BCL10,ZC3H12A,CYLD,TNFAIP3"
GO:2001238,positive regulation of extrinsic apoptotic signaling pathway,3,51,1.78,0.00015,"9606.ENSP00000348632,9606.ENSP00000359612,9606.ENSP00000392025","RBCK1,BCL10,CYLD"
GO:0060255,regulation of macromolecule metabolic process,15,6072,0.41,0.00018,"9606.ENSP00000221452,9606.ENSP00000262384,9606.ENSP00000319279,9606.ENSP00000348632,9606.ENSP00000349458,9606.ENSP00000356669,9606.ENSP00000359612,9606.ENSP00000362179,9606.ENSP00000362774,9606.ENSP00000368215,9606.ENSP00000376505,9606.ENSP00000386616,9606.ENSP00000392025,9606.ENSP00000481570,9606.ENSP00000482657","RELB,N4BP1,MALT1,RBCK1,ICK,RC3H1,BCL10,ZC3H12A,RC3H2,TAB3,TANK,ZC3H12D,CYLD,TNFAIP3,MAP3K14"
GO:0006464,cellular protein modification process,11,2999,0.58,0.00019,"9606.ENSP00000319279,9606.ENSP00000348632,9606.ENSP00000349458,9606.ENSP00000356669,9606.ENSP00000359612,9606.ENSP00000362179,9606.ENSP00000362774,9606.ENSP00000368215,9606.ENSP00000392025,9606.ENSP00000481570,9606.ENSP00000482657","MALT1,RBCK1,ICK,RC3H1,BCL10,ZC3H12A,RC3H2,TAB3,CYLD,TNFAIP3,MAP3K14"
GO:0010803,regulation of tumor necrosis factor-mediated signaling pathway,3,56,1.74,0.00019,"9606.ENSP00000348632,9606.ENSP00000392025,9606.ENSP00000481570","RBCK1,CYLD,TNFAIP3"
GO:0016567,protein ubiquitination,6,645,0.98,0.00019,"9606.ENSP00000319279,9606.ENSP00000348632,9606.ENSP00000356669,9606.ENSP00000359612,9606.ENSP00000362774,9606.ENSP00000481570","MALT1,RBCK1,RC3H1,BCL10,RC3H2,TNFAIP3"
GO:1903003,positive regulation of protein deubiquitination,2,6,2.54,0.00019,"9606.ENSP00000362179,9606.ENSP00000376505","ZC3H12A,TANK"
GO:0051716,cellular response to stimulus,15,6212,0.4,0.00023,"9606.ENSP00000221452,9606.ENSP00000262384,9606.ENSP00000286186,9606.ENSP00000319279,9606.ENSP00000348632,9606.ENSP00000349458,9606.ENSP00000356669,9606.ENSP00000359612,9606.ENSP00000362179,9606.ENSP00000362774,9606.ENSP00000368215,9606.ENSP00000376505,9606.ENSP00000392025,9606.ENSP00000481570,9606.ENSP00000482657","RELB,N4BP1,CASP10,MALT1,RBCK1,ICK,RC3H1,BCL10,ZC3H12A,RC3H2,TAB3,TANK,CYLD,TNFAIP3,MAP3K14"
GO:0031396,regulation of protein ubiquitination,4,192,1.33,0.00024,"9606.ENSP00000262384,9606.ENSP00000319279,9606.ENSP00000359612,9606.ENSP00000481570","N4BP1,MALT1,BCL10,TNFAIP3"
GO:0032268,regulation of cellular protein metabolic process,10,2486,0.62,0.00025,"9606.ENSP00000262384,9606.ENSP00000319279,9606.ENSP00000356669,9606.ENSP00000359612,9606.ENSP00000362179,9606.ENSP00000368215,9606.ENSP00000376505,9606.ENSP00000386616,9606.ENSP00000481570,9606.ENSP00000482657","N4BP1,MALT1,RC3H1,BCL10,ZC3H12A,TAB3,TANK,ZC3H12D,TNFAIP3,MAP3K14"
GO:0038095,Fc-epsilon receptor signaling pathway,3,64,1.68,0.00026,"9606.ENSP00000319279,9606.ENSP00000359612,9606.ENSP00000368215","MALT1,BCL10,TAB3"
GO:0042981,regulation of apoptotic process,8,1501,0.74,0.0003,"9606.ENSP00000286186,9606.ENSP00000319279,9606.ENSP00000348632,9606.ENSP00000359612,9606.ENSP00000362179,9606.ENSP00000392025,9606.ENSP00000481570,9606.ENSP00000482657","CASP10,MALT1,RBCK1,BCL10,ZC3H12A,CYLD,TNFAIP3,MAP3K14"
GO:0002634,regulation of germinal center formation,2,9,2.36,0.00033,"9606.ENSP00000356669,9606.ENSP00000481570","RC3H1,TNFAIP3"
GO:0043170,macromolecule metabolic process,16,7453,0.34,0.00034,"9606.ENSP00000221452,9606.ENSP00000286186,9606.ENSP00000319279,9606.ENSP00000340839,9606.ENSP00000348632,9606.ENSP00000349458,9606.ENSP00000356669,9606.ENSP00000359612,9606.ENSP00000362179,9606.ENSP00000362774,9606.ENSP00000368215,9606.ENSP00000376505,9606.ENSP00000386616,9606.ENSP00000392025,9606.ENSP00000481570,9606.ENSP00000482657","RELB,CASP10,MALT1,ZC3H12B,RBCK1,ICK,RC3H1,BCL10,ZC3H12A,RC3H2,TAB3,TANK,ZC3H12D,CYLD,TNFAIP3,MAP3K14"
GO:0031329,regulation of cellular catabolic process,6,743,0.92,0.00036,"9606.ENSP00000262384,9606.ENSP00000356669,9606.ENSP00000362179,9606.ENSP00000368215,9606.ENSP00000386616,9606.ENSP00000481570","N4BP1,RC3H1,ZC3H12A,TAB3,ZC3H12D,TNFAIP3"
GO:0051707,response to other organism,7,1173,0.79,0.00049,"9606.ENSP00000221452,9606.ENSP00000319279,9606.ENSP00000359612,9606.ENSP00000362179,9606.ENSP00000392025,9606.ENSP00000481570,9606.ENSP00000482657","RELB,MALT1,BCL10,ZC3H12A,CYLD,TNFAIP3,MAP3K14"
GO:0000209,protein polyubiquitination,4,240,1.23,0.0005,"9606.ENSP00000348632,9606.ENSP00000356669,9606.ENSP00000362774,9606.ENSP00000481570","RBCK1,RC3H1,RC3H2,TNFAIP3"
GO:0001818,negative regulation of cytokine production,4,245,1.23,0.00053,"9606.ENSP00000221452,9606.ENSP00000362179,9606.ENSP00000392025,9606.ENSP00000481570","RELB,ZC3H12A,CYLD,TNFAIP3"
GO:0002224,toll-like receptor signaling pathway,3,87,1.55,0.00053,"9606.ENSP00000359612,9606.ENSP00000368215,9606.ENSP00000376505","BCL10,TAB3,TANK"
GO:0006508,proteolysis,7,1203,0.78,0.00054,"9606.ENSP00000286186,9606.ENSP00000319279,9606.ENSP00000348632,9606.ENSP00000362179,9606.ENSP00000376505,9606.ENSP00000392025,9606.ENSP00000481570","CASP10,MALT1,RBCK1,ZC3H12A,TANK,CYLD,TNFAIP3"
GO:0051171,regulation of nitrogen compound metabolic process,14,5827,0.39,0.0006,"9606.ENSP00000221452,9606.ENSP00000262384,9606.ENSP00000319279,9606.ENSP00000348632,9606.ENSP00000356669,9606.ENSP00000359612,9606.ENSP00000362179,9606.ENSP00000362774,9606.ENSP00000368215,9606.ENSP00000376505,9606.ENSP00000386616,9606.ENSP00000392025,9606.ENSP00000481570,9606.ENSP00000482657","RELB,N4BP1,MALT1,RBCK1,RC3H1,BCL10,ZC3H12A,RC3H2,TAB3,TANK,ZC3H12D,CYLD,TNFAIP3,MAP3K14"
GO:0006952,defense response,7,1234,0.77,0.00061,"9606.ENSP00000221452,9606.ENSP00000319279,9606.ENSP00000359612,9606.ENSP00000362179,9606.ENSP00000392025,9606.ENSP00000481570,9606.ENSP00000482657","RELB,MALT1,BCL10,ZC3H12A,CYLD,TNFAIP3,MAP3K14"
GO:0010033,response to organic substance,10,2815,0.56,0.00061,"9606.ENSP00000221452,9606.ENSP00000271417,9606.ENSP00000319279,9606.ENSP00000356669,9606.ENSP00000359612,9606.ENSP00000362179,9606.ENSP00000368215,9606.ENSP00000376505,9606.ENSP00000481570,9606.ENSP00000482657","RELB,ILDR2,MALT1,RC3H1,BCL10,ZC3H12A,TAB3,TANK,TNFAIP3,MAP3K14"
GO:0050896,response to stimulus,16,7824,0.32,0.00061,"9606.ENSP00000221452,9606.ENSP00000262384,9606.ENSP00000271417,9606.ENSP00000286186,9606.ENSP00000319279,9606.ENSP00000348632,9606.ENSP00000349458,9606.ENSP00000356669,9606.ENSP00000359612,9606.ENSP00000362179,9606.ENSP00000362774,9606.ENSP00000368215,9606.ENSP00000376505,9606.ENSP00000392025,9606.ENSP00000481570,9606.ENSP00000482657","RELB,N4BP1,ILDR2,CASP10,MALT1,RBCK1,ICK,RC3H1,BCL10,ZC3H12A,RC3H2,TAB3,TANK,CYLD,TNFAIP3,MAP3K14"
GO:0098542,defense response to other organism,6,859,0.86,0.00071,"9606.ENSP00000221452,9606.ENSP00000319279,9606.ENSP00000359612,9606.ENSP00000362179,9606.ENSP00000392025,9606.ENSP00000482657","RELB,MALT1,BCL10,ZC3H12A,CYLD,MAP3K14"
GO:0031399,regulation of protein modification process,8,1747,0.67,0.00073,"9606.ENSP00000262384,9606.ENSP00000319279,9606.ENSP00000359612,9606.ENSP00000362179,9606.ENSP00000368215,9606.ENSP00000376505,9606.ENSP00000481570,9606.ENSP00000482657","N4BP1,MALT1,BCL10,ZC3H12A,TAB3,TANK,TNFAIP3,MAP3K14"
GO:0080090,regulation of primary metabolic process,14,5982,0.38,0.00079,"9606.ENSP00000221452,9606.ENSP00000262384,9606.ENSP00000319279,9606.ENSP00000348632,9606.ENSP00000356669,9606.ENSP00000359612,9606.ENSP00000362179,9606.ENSP00000362774,9606.ENSP00000368215,9606.ENSP00000376505,9606.ENSP00000386616,9606.ENSP00000392025,9606.ENSP00000481570,9606.ENSP00000482657","RELB,N4BP1,MALT1,RBCK1,RC3H1,BCL10,ZC3H12A,RC3H2,TAB3,TANK,ZC3H12D,CYLD,TNFAIP3,MAP3K14"
GO:0051173,positive regulation of nitrogen compound metabolic process,10,2946,0.54,0.00085,"9606.ENSP00000221452,9606.ENSP00000319279,9606.ENSP00000356669,9606.ENSP00000359612,9606.ENSP00000362179,9606.ENSP00000368215,9606.ENSP00000376505,9606.ENSP00000386616,9606.ENSP00000481570,9606.ENSP00000482657","RELB,MALT1,RC3H1,BCL10,ZC3H12A,TAB3,TANK,ZC3H12D,TNFAIP3,MAP3K14"
GO:0031323,regulation of cellular metabolic process,14,6082,0.37,0.00095,"9606.ENSP00000221452,9606.ENSP00000262384,9606.ENSP00000319279,9606.ENSP00000348632,9606.ENSP00000356669,9606.ENSP00000359612,9606.ENSP00000362179,9606.ENSP00000362774,9606.ENSP00000368215,9606.ENSP00000376505,9606.ENSP00000386616,9606.ENSP00000392025,9606.ENSP00000481570,9606.ENSP00000482657","RELB,N4BP1,MALT1,RBCK1,RC3H1,BCL10,ZC3H12A,RC3H2,TAB3,TANK,ZC3H12D,CYLD,TNFAIP3,MAP3K14"
GO:0048535,lymph node development,2,18,2.06,0.00095,"9606.ENSP00000356669,9606.ENSP00000362774","RC3H1,RC3H2"
GO:0002252,immune effector process,6,927,0.82,0.001,"9606.ENSP00000221452,9606.ENSP00000356669,9606.ENSP00000359612,9606.ENSP00000362179,9606.ENSP00000362774,9606.ENSP00000482657","RELB,RC3H1,BCL10,ZC3H12A,RC3H2,MAP3K14"
GO:0031325,positive regulation of cellular metabolic process,10,3060,0.53,0.0011,"9606.ENSP00000221452,9606.ENSP00000319279,9606.ENSP00000356669,9606.ENSP00000359612,9606.ENSP00000362179,9606.ENSP00000368215,9606.ENSP00000376505,9606.ENSP00000386616,9606.ENSP00000481570,9606.ENSP00000482657","RELB,MALT1,RC3H1,BCL10,ZC3H12A,TAB3,TANK,ZC3H12D,TNFAIP3,MAP3K14"
GO:0032691,negative regulation of interleukin-1 beta production,2,20,2.01,0.0011,"9606.ENSP00000362179,9606.ENSP00000481570","ZC3H12A,TNFAIP3"
GO:0050864,regulation of B cell activation,3,118,1.42,0.0011,"9606.ENSP00000356669,9606.ENSP00000392025,9606.ENSP00000481570","RC3H1,CYLD,TNFAIP3"
GO:0002237,response to molecule of bacterial origin,4,317,1.11,0.0012,"9606.ENSP00000319279,9606.ENSP00000359612,9606.ENSP00000362179,9606.ENSP00000481570","MALT1,BCL10,ZC3H12A,TNFAIP3"
GO:0010468,regulation of gene expression,12,4533,0.44,0.0012,"9606.ENSP00000221452,9606.ENSP00000319279,9606.ENSP00000348632,9606.ENSP00000349458,9606.ENSP00000356669,9606.ENSP00000359612,9606.ENSP00000362179,9606.ENSP00000362774,9606.ENSP00000368215,9606.ENSP00000386616,9606.ENSP00000392025,9606.ENSP00000481570","RELB,MALT1,RBCK1,ICK,RC3H1,BCL10,ZC3H12A,RC3H2,TAB3,ZC3H12D,CYLD,TNFAIP3"
GO:0010604,positive regulation of macromolecule metabolic process,10,3081,0.52,0.0012,"9606.ENSP00000221452,9606.ENSP00000319279,9606.ENSP00000356669,9606.ENSP00000359612,9606.ENSP00000362179,9606.ENSP00000368215,9606.ENSP00000376505,9606.ENSP00000386616,9606.ENSP00000481570,9606.ENSP00000482657","RELB,MALT1,RC3H1,BCL10,ZC3H12A,TAB3,TANK,ZC3H12D,TNFAIP3,MAP3K14"
GO:0006807,nitrogen compound metabolic process,16,8349,0.3,0.0013,"9606.ENSP00000221452,9606.ENSP00000286186,9606.ENSP00000319279,9606.ENSP00000340839,9606.ENSP00000348632,9606.ENSP00000349458,9606.ENSP00000356669,9606.ENSP00000359612,9606.ENSP00000362179,9606.ENSP00000362774,9606.ENSP00000368215,9606.ENSP00000376505,9606.ENSP00000386616,9606.ENSP00000392025,9606.ENSP00000481570,9606.ENSP00000482657","RELB,CASP10,MALT1,ZC3H12B,RBCK1,ICK,RC3H1,BCL10,ZC3H12A,RC3H2,TAB3,TANK,ZC3H12D,CYLD,TNFAIP3,MAP3K14"
GO:1901223,negative regulation of NIK/NF-kappaB signaling,2,22,1.97,0.0013,"9606.ENSP00000362179,9606.ENSP00000392025","ZC3H12A,CYLD"
GO:0051704,multi-organism process,9,2514,0.57,0.0014,"9606.ENSP00000221452,9606.ENSP00000319279,9606.ENSP00000348632,9606.ENSP00000359612,9606.ENSP00000362179,9606.ENSP00000376505,9606.ENSP00000392025,9606.ENSP00000481570,9606.ENSP00000482657","RELB,MALT1,RBCK1,BCL10,ZC3H12A,TANK,CYLD,TNFAIP3,MAP3K14"
GO:0031331,positive regulation of cellular catabolic process,4,343,1.08,0.0015,"9606.ENSP00000356669,9606.ENSP00000362179,9606.ENSP00000386616,9606.ENSP00000481570","RC3H1,ZC3H12A,ZC3H12D,TNFAIP3"
GO:0051252,regulation of RNA metabolic process,11,3890,0.46,0.0015,"9606.ENSP00000221452,9606.ENSP00000319279,9606.ENSP00000348632,9606.ENSP00000356669,9606.ENSP00000359612,9606.ENSP00000362179,9606.ENSP00000362774,9606.ENSP00000368215,9606.ENSP00000386616,9606.ENSP00000392025,9606.ENSP00000481570","RELB,MALT1,RBCK1,RC3H1,BCL10,ZC3H12A,RC3H2,TAB3,ZC3H12D,CYLD,TNFAIP3"
GO:0032270,positive regulation of cellular protein metabolic process,7,1496,0.68,0.0017,"9606.ENSP00000319279,9606.ENSP00000359612,9606.ENSP00000362179,9606.ENSP00000368215,9606.ENSP00000376505,9606.ENSP00000481570,9606.ENSP00000482657","MALT1,BCL10,ZC3H12A,TAB3,TANK,TNFAIP3,MAP3K14"
GO:0034097,response to cytokine,6,1035,0.78,0.0017,"9606.ENSP00000221452,9606.ENSP00000356669,9606.ENSP00000362179,9606.ENSP00000368215,9606.ENSP00000376505,9606.ENSP00000482657","RELB,RC3H1,ZC3H12A,TAB3,TANK,MAP3K14"
GO:0070536,protein K63-linked deubiquitination,2,28,1.87,0.0019,"9606.ENSP00000392025,9606.ENSP00000481570","CYLD,TNFAIP3"
GO:0071108,protein K48-linked deubiquitination,2,29,1.85,0.002,"9606.ENSP00000392025,9606.ENSP00000481570","CYLD,TNFAIP3"
GO:0006955,immune response,7,1560,0.66,0.0021,"9606.ENSP00000221452,9606.ENSP00000319279,9606.ENSP00000356669,9606.ENSP00000359612,9606.ENSP00000362774,9606.ENSP00000392025,9606.ENSP00000482657","RELB,MALT1,RC3H1,BCL10,RC3H2,CYLD,MAP3K14"
GO:2000112,regulation of cellular macromolecule biosynthetic process,11,4050,0.45,0.0021,"9606.ENSP00000221452,9606.ENSP00000319279,9606.ENSP00000348632,9606.ENSP00000356669,9606.ENSP00000359612,9606.ENSP00000362179,9606.ENSP00000362774,9606.ENSP00000368215,9606.ENSP00000386616,9606.ENSP00000392025,9606.ENSP00000481570","RELB,MALT1,RBCK1,RC3H1,BCL10,ZC3H12A,RC3H2,TAB3,ZC3H12D,CYLD,TNFAIP3"
GO:0050869,negative regulation of B cell activation,2,31,1.82,0.0022,"9606.ENSP00000356669,9606.ENSP00000481570","RC3H1,TNFAIP3"
GO:0051241,negative regulation of multicellular organismal process,6,1098,0.75,0.0022,"9606.ENSP00000221452,9606.ENSP00000356669,9606.ENSP00000362179,9606.ENSP00000362774,9606.ENSP00000392025,9606.ENSP00000481570","RELB,RC3H1,ZC3H12A,RC3H2,CYLD,TNFAIP3"
GO:0043029,T cell homeostasis,2,33,1.8,0.0024,"9606.ENSP00000356669,9606.ENSP00000362774","RC3H1,RC3H2"
GO:0044238,primary metabolic process,16,8808,0.27,0.0025,"9606.ENSP00000221452,9606.ENSP00000286186,9606.ENSP00000319279,9606.ENSP00000340839,9606.ENSP00000348632,9606.ENSP00000349458,9606.ENSP00000356669,9606.ENSP00000359612,9606.ENSP00000362179,9606.ENSP00000362774,9606.ENSP00000368215,9606.ENSP00000376505,9606.ENSP00000386616,9606.ENSP00000392025,9606.ENSP00000481570,9606.ENSP00000482657","RELB,CASP10,MALT1,ZC3H12B,RBCK1,ICK,RC3H1,BCL10,ZC3H12A,RC3H2,TAB3,TANK,ZC3H12D,CYLD,TNFAIP3,MAP3K14"
GO:0048536,spleen development,2,34,1.78,0.0025,"9606.ENSP00000356669,9606.ENSP00000362774","RC3H1,RC3H2"
GO:0031401,positive regulation of protein modification process,6,1149,0.73,0.0027,"9606.ENSP00000319279,9606.ENSP00000359612,9606.ENSP00000362179,9606.ENSP00000368215,9606.ENSP00000376505,9606.ENSP00000482657","MALT1,BCL10,ZC3H12A,TAB3,TANK,MAP3K14"
GO:0032715,negative regulation of interleukin-6 production,2,38,1.73,0.0031,"9606.ENSP00000362179,9606.ENSP00000481570","ZC3H12A,TNFAIP3"
GO:0050691,regulation of defense response to virus by host,2,39,1.72,0.0032,"9606.ENSP00000362179,9606.ENSP00000481570","ZC3H12A,TNFAIP3"
GO:0002720,positive regulation of cytokine production involved in immune response,2,40,1.71,0.0034,"9606.ENSP00000319279,9606.ENSP00000359612","MALT1,BCL10"
GO:0010608,posttranscriptional regulation of gene expression,4,441,0.97,0.0035,"9606.ENSP00000356669,9606.ENSP00000362179,9606.ENSP00000362774,9606.ENSP00000386616","RC3H1,ZC3H12A,RC3H2,ZC3H12D"
GO:0050870,positive regulation of T cell activation,3,193,1.2,0.0037,"9606.ENSP00000319279,9606.ENSP00000359612,9606.ENSP00000392025","MALT1,BCL10,CYLD"
GO:0065007,biological regulation,18,11740,0.2,0.0037,"9606.ENSP00000221452,9606.ENSP00000262384,9606.ENSP00000271417,9606.ENSP00000286186,9606.ENSP00000319279,9606.ENSP00000348632,9606.ENSP00000349458,9606.ENSP00000356669,9606.ENSP00000359612,9606.ENSP00000362179,9606.ENSP00000362774,9606.ENSP00000368215,9606.ENSP00000376505,9606.ENSP00000378400,9606.ENSP00000386616,9606.ENSP00000392025,9606.ENSP00000481570,9606.ENSP00000482657","RELB,N4BP1,ILDR2,CASP10,MALT1,RBCK1,ICK,RC3H1,BCL10,ZC3H12A,RC3H2,TAB3,TANK,LIMA1,ZC3H12D,CYLD,TNFAIP3,MAP3K14"
GO:0071356,cellular response to tumor necrosis factor,3,197,1.2,0.0039,"9606.ENSP00000362179,9606.ENSP00000376505,9606.ENSP00000482657","ZC3H12A,TANK,MAP3K14"
GO:0022607,cellular component assembly,8,2343,0.55,0.0041,"9606.ENSP00000319279,9606.ENSP00000349458,9606.ENSP00000356669,9606.ENSP00000359612,9606.ENSP00000362179,9606.ENSP00000378400,9606.ENSP00000392025,9606.ENSP00000481570","MALT1,ICK,RC3H1,BCL10,ZC3H12A,LIMA1,CYLD,TNFAIP3"
GO:0044265,cellular macromolecule catabolic process,5,842,0.79,0.0045,"9606.ENSP00000348632,9606.ENSP00000356669,9606.ENSP00000362179,9606.ENSP00000392025,9606.ENSP00000481570","RBCK1,RC3H1,ZC3H12A,CYLD,TNFAIP3"
GO:0050794,regulation of cellular process,17,10484,0.22,0.0045,"9606.ENSP00000221452,9606.ENSP00000262384,9606.ENSP00000286186,9606.ENSP00000319279,9606.ENSP00000348632,9606.ENSP00000349458,9606.ENSP00000356669,9606.ENSP00000359612,9606.ENSP00000362179,9606.ENSP00000362774,9606.ENSP00000368215,9606.ENSP00000376505,9606.ENSP00000378400,9606.ENSP00000386616,9606.ENSP00000392025,9606.ENSP00000481570,9606.ENSP00000482657","RELB,N4BP1,CASP10,MALT1,RBCK1,ICK,RC3H1,BCL10,ZC3H12A,RC3H2,TAB3,TANK,LIMA1,ZC3H12D,CYLD,TNFAIP3,MAP3K14"
GO:0032720,negative regulation of tumor necrosis factor production,2,48,1.63,0.0046,"9606.ENSP00000362179,9606.ENSP00000481570","ZC3H12A,TNFAIP3"
GO:0043069,negative regulation of programmed cell death,5,873,0.77,0.0052,"9606.ENSP00000319279,9606.ENSP00000348632,9606.ENSP00000359612,9606.ENSP00000362179,9606.ENSP00000481570","MALT1,RBCK1,BCL10,ZC3H12A,TNFAIP3"
GO:0032663,regulation of interleukin-2 production,2,53,1.59,0.0054,"9606.ENSP00000319279,9606.ENSP00000481570","MALT1,TNFAIP3"
GO:0051259,protein complex oligomerization,4,512,0.91,0.0057,"9606.ENSP00000319279,9606.ENSP00000359612,9606.ENSP00000362179,9606.ENSP00000481570","MALT1,BCL10,ZC3H12A,TNFAIP3"
GO:1902532,negative regulation of intracellular signal transduction,4,514,0.9,0.0057,"9606.ENSP00000362179,9606.ENSP00000376505,9606.ENSP00000392025,9606.ENSP00000481570","ZC3H12A,TANK,CYLD,TNFAIP3"
GO:0009620,response to fungus,2,61,1.53,0.0069,"9606.ENSP00000319279,9606.ENSP00000359612","MALT1,BCL10"
GO:0071345,cellular response to cytokine stimulus,5,953,0.73,0.0074,"9606.ENSP00000356669,9606.ENSP00000362179,9606.ENSP00000368215,9606.ENSP00000376505,9606.ENSP00000482657","RC3H1,ZC3H12A,TAB3,TANK,MAP3K14"
GO:0006950,response to stress,9,3267,0.45,0.0075,"9606.ENSP00000221452,9606.ENSP00000319279,9606.ENSP00000359612,9606.ENSP00000362179,9606.ENSP00000368215,9606.ENSP00000376505,9606.ENSP00000392025,9606.ENSP00000481570,9606.ENSP00000482657","RELB,MALT1,BCL10,ZC3H12A,TAB3,TANK,CYLD,TNFAIP3,MAP3K14"
GO:0031397,negative regulation of protein ubiquitination,2,68,1.48,0.0082,"9606.ENSP00000262384,9606.ENSP00000481570","N4BP1,TNFAIP3"
GO:0042325,regulation of phosphorylation,6,1465,0.63,0.0082,"9606.ENSP00000319279,9606.ENSP00000359612,9606.ENSP00000362179,9606.ENSP00000368215,9606.ENSP00000481570,9606.ENSP00000482657","MALT1,BCL10,ZC3H12A,TAB3,TNFAIP3,MAP3K14"
GO:0042327,positive regulation of phosphorylation,5,984,0.72,0.0082,"9606.ENSP00000319279,9606.ENSP00000359612,9606.ENSP00000362179,9606.ENSP00000368215,9606.ENSP00000482657","MALT1,BCL10,ZC3H12A,TAB3,MAP3K14"
GO:0065009,regulation of molecular function,9,3322,0.45,0.0083,"9606.ENSP00000319279,9606.ENSP00000348632,9606.ENSP00000359612,9606.ENSP00000362179,9606.ENSP00000368215,9606.ENSP00000376505,9606.ENSP00000392025,9606.ENSP00000481570,9606.ENSP00000482657","MALT1,RBCK1,BCL10,ZC3H12A,TAB3,TANK,CYLD,TNFAIP3,MAP3K14"
GO:0048585,negative regulation of response to stimulus,6,1483,0.62,0.0085,"9606.ENSP00000356669,9606.ENSP00000362179,9606.ENSP00000362774,9606.ENSP00000376505,9606.ENSP00000392025,9606.ENSP00000481570","RC3H1,ZC3H12A,RC3H2,TANK,CYLD,TNFAIP3"
GO:0016579,protein deubiquitination,3,275,1.05,0.0089,"9606.ENSP00000362179,9606.ENSP00000392025,9606.ENSP00000481570","ZC3H12A,CYLD,TNFAIP3"
GO:0032269,negative regulation of cellular protein metabolic process,5,1014,0.71,0.0092,"9606.ENSP00000262384,9606.ENSP00000356669,9606.ENSP00000362179,9606.ENSP00000386616,9606.ENSP00000481570","N4BP1,RC3H1,ZC3H12A,ZC3H12D,TNFAIP3"
GO:0065003,protein-containing complex assembly,6,1514,0.61,0.0093,"9606.ENSP00000319279,9606.ENSP00000356669,9606.ENSP00000359612,9606.ENSP00000362179,9606.ENSP00000392025,9606.ENSP00000481570","MALT1,RC3H1,BCL10,ZC3H12A,CYLD,TNFAIP3"
GO:0043065,positive regulation of apoptotic process,4,604,0.83,0.0094,"9606.ENSP00000348632,9606.ENSP00000359612,9606.ENSP00000362179,9606.ENSP00000392025","RBCK1,BCL10,ZC3H12A,CYLD"
GO:0070664,negative regulation of leukocyte proliferation,2,76,1.43,0.0096,"9606.ENSP00000356669,9606.ENSP00000481570","RC3H1,TNFAIP3"
GO:0090305,nucleic acid phosphodiester bond hydrolysis,3,287,1.03,0.0098,"9606.ENSP00000340839,9606.ENSP00000362179,9606.ENSP00000386616","ZC3H12B,ZC3H12A,ZC3H12D"
GO:0012501,programmed cell death,5,1042,0.69,0.01,"9606.ENSP00000286186,9606.ENSP00000359612,9606.ENSP00000362179,9606.ENSP00000392025,9606.ENSP00000481570","CASP10,BCL10,ZC3H12A,CYLD,TNFAIP3"
GO:0045582,positive regulation of T cell differentiation,2,78,1.42,0.01,"9606.ENSP00000319279,9606.ENSP00000392025","MALT1,CYLD"
GO:0071260,cellular response to mechanical stimulus,2,78,1.42,0.01,"9606.ENSP00000359612,9606.ENSP00000482657","BCL10,MAP3K14"
GO:0033554,cellular response to stress,6,1553,0.6,0.0102,"9606.ENSP00000221452,9606.ENSP00000362179,9606.ENSP00000368215,9606.ENSP00000376505,9606.ENSP00000481570,9606.ENSP00000482657","RELB,ZC3H12A,TAB3,TANK,TNFAIP3,MAP3K14"
GO:0051239,regulation of multicellular organismal process,8,2788,0.47,0.0107,"9606.ENSP00000221452,9606.ENSP00000319279,9606.ENSP00000356669,9606.ENSP00000359612,9606.ENSP00000362179,9606.ENSP00000362774,9606.ENSP00000392025,9606.ENSP00000481570","RELB,MALT1,RC3H1,BCL10,ZC3H12A,RC3H2,CYLD,TNFAIP3"
GO:0071496,cellular response to external stimulus,3,305,1.01,0.011,"9606.ENSP00000359612,9606.ENSP00000362179,9606.ENSP00000482657","BCL10,ZC3H12A,MAP3K14"
GO:0065008,regulation of biological quality,9,3559,0.42,0.0121,"9606.ENSP00000271417,9606.ENSP00000356669,9606.ENSP00000359612,9606.ENSP00000362179,9606.ENSP00000362774,9606.ENSP00000378400,9606.ENSP00000386616,9606.ENSP00000392025,9606.ENSP00000481570","ILDR2,RC3H1,BCL10,ZC3H12A,RC3H2,LIMA1,ZC3H12D,CYLD,TNFAIP3"
GO:0045087,innate immune response,4,676,0.78,0.0128,"9606.ENSP00000221452,9606.ENSP00000319279,9606.ENSP00000359612,9606.ENSP00000392025","RELB,MALT1,BCL10,CYLD"
GO:0009987,cellular process,19,14652,0.13,0.0141,"9606.ENSP00000221452,9606.ENSP00000262384,9606.ENSP00000271417,9606.ENSP00000286186,9606.ENSP00000319279,9606.ENSP00000340839,9606.ENSP00000348632,9606.ENSP00000349458,9606.ENSP00000356669,9606.ENSP00000359612,9606.ENSP00000362179,9606.ENSP00000362774,9606.ENSP00000368215,9606.ENSP00000376505,9606.ENSP00000378400,9606.ENSP00000386616,9606.ENSP00000392025,9606.ENSP00000481570,9606.ENSP00000482657","RELB,N4BP1,ILDR2,CASP10,MALT1,ZC3H12B,RBCK1,ICK,RC3H1,BCL10,ZC3H12A,RC3H2,TAB3,TANK,LIMA1,ZC3H12D,CYLD,TNFAIP3,MAP3K14"
GO:0006355,"regulation of transcription, DNA-templated",9,3661,0.4,0.0144,"9606.ENSP00000221452,9606.ENSP00000319279,9606.ENSP00000348632,9606.ENSP00000359612,9606.ENSP00000362179,9606.ENSP00000362774,9606.ENSP00000368215,9606.ENSP00000392025,9606.ENSP00000481570","RELB,MALT1,RBCK1,BCL10,ZC3H12A,RC3H2,TAB3,CYLD,TNFAIP3"
GO:0032147,activation of protein kinase activity,3,347,0.95,0.0151,"9606.ENSP00000319279,9606.ENSP00000368215,9606.ENSP00000482657","MALT1,TAB3,MAP3K14"
GO:0045862,positive regulation of proteolysis,3,347,0.95,0.0151,"9606.ENSP00000359612,9606.ENSP00000362179,9606.ENSP00000376505","BCL10,ZC3H12A,TANK"
GO:0044093,positive regulation of molecular function,6,1713,0.56,0.0152,"9606.ENSP00000319279,9606.ENSP00000348632,9606.ENSP00000359612,9606.ENSP00000368215,9606.ENSP00000376505,9606.ENSP00000482657","MALT1,RBCK1,BCL10,TAB3,TANK,MAP3K14"
GO:0030162,regulation of proteolysis,4,742,0.74,0.0172,"9606.ENSP00000262384,9606.ENSP00000359612,9606.ENSP00000362179,9606.ENSP00000376505","N4BP1,BCL10,ZC3H12A,TANK"
GO:0071236,cellular response to antibiotic,2,112,1.26,0.018,"9606.ENSP00000362179,9606.ENSP00000481570","ZC3H12A,TNFAIP3"
GO:0031398,positive regulation of protein ubiquitination,2,113,1.26,0.0182,"9606.ENSP00000319279,9606.ENSP00000359612","MALT1,BCL10"
GO:0050728,negative regulation of inflammatory response,2,117,1.25,0.0192,"9606.ENSP00000362179,9606.ENSP00000481570","ZC3H12A,TNFAIP3"
GO:0045859,regulation of protein kinase activity,4,788,0.72,0.0206,"9606.ENSP00000319279,9606.ENSP00000368215,9606.ENSP00000481570,9606.ENSP00000482657","MALT1,TAB3,TNFAIP3,MAP3K14"
GO:0031324,negative regulation of cellular metabolic process,7,2463,0.47,0.0207,"9606.ENSP00000221452,9606.ENSP00000262384,9606.ENSP00000356669,9606.ENSP00000362179,9606.ENSP00000368215,9606.ENSP00000386616,9606.ENSP00000481570","RELB,N4BP1,RC3H1,ZC3H12A,TAB3,ZC3H12D,TNFAIP3"
GO:0044260,cellular macromolecule metabolic process,12,6413,0.28,0.0207,"9606.ENSP00000221452,9606.ENSP00000319279,9606.ENSP00000348632,9606.ENSP00000349458,9606.ENSP00000356669,9606.ENSP00000359612,9606.ENSP00000362179,9606.ENSP00000362774,9606.ENSP00000368215,9606.ENSP00000392025,9606.ENSP00000481570,9606.ENSP00000482657","RELB,MALT1,RBCK1,ICK,RC3H1,BCL10,ZC3H12A,RC3H2,TAB3,CYLD,TNFAIP3,MAP3K14"
GO:0007275,multicellular organism development,10,4726,0.34,0.0222,"9606.ENSP00000221452,9606.ENSP00000271417,9606.ENSP00000319279,9606.ENSP00000349458,9606.ENSP00000356669,9606.ENSP00000359612,9606.ENSP00000362179,9606.ENSP00000362774,9606.ENSP00000392025,9606.ENSP00000481570","RELB,ILDR2,MALT1,ICK,RC3H1,BCL10,ZC3H12A,RC3H2,CYLD,TNFAIP3"
GO:2000026,regulation of multicellular organismal development,6,1876,0.52,0.0226,"9606.ENSP00000319279,9606.ENSP00000356669,9606.ENSP00000362179,9606.ENSP00000362774,9606.ENSP00000392025,9606.ENSP00000481570","MALT1,RC3H1,ZC3H12A,RC3H2,CYLD,TNFAIP3"
GO:0002460,adaptive immune response based on somatic recombination of immune receptors built from immunoglobulin superfamily domains,2,132,1.19,0.0235,"9606.ENSP00000221452,9606.ENSP00000359612","RELB,BCL10"
GO:0031098,stress-activated protein kinase signaling cascade,2,138,1.17,0.0255,"9606.ENSP00000368215,9606.ENSP00000482657","TAB3,MAP3K14"
GO:0001932,regulation of protein phosphorylation,5,1370,0.57,0.027,"9606.ENSP00000319279,9606.ENSP00000362179,9606.ENSP00000368215,9606.ENSP00000481570,9606.ENSP00000482657","MALT1,ZC3H12A,TAB3,TNFAIP3,MAP3K14"
GO:0043066,negative regulation of apoptotic process,4,859,0.68,0.027,"9606.ENSP00000319279,9606.ENSP00000359612,9606.ENSP00000362179,9606.ENSP00000481570","MALT1,BCL10,ZC3H12A,TNFAIP3"
GO:0043085,positive regulation of catalytic activity,5,1381,0.57,0.0279,"9606.ENSP00000319279,9606.ENSP00000359612,9606.ENSP00000368215,9606.ENSP00000376505,9606.ENSP00000482657","MALT1,BCL10,TAB3,TANK,MAP3K14"
GO:0071222,cellular response to lipopolysaccharide,2,146,1.15,0.0279,"9606.ENSP00000362179,9606.ENSP00000481570","ZC3H12A,TNFAIP3"
GO:0006511,ubiquitin-dependent protein catabolic process,3,461,0.83,0.0302,"9606.ENSP00000348632,9606.ENSP00000392025,9606.ENSP00000481570","RBCK1,CYLD,TNFAIP3"
GO:0071478,cellular response to radiation,2,153,1.13,0.0303,"9606.ENSP00000262384,9606.ENSP00000376505","N4BP1,TANK"
GO:0048731,system development,9,4144,0.35,0.0307,"9606.ENSP00000221452,9606.ENSP00000271417,9606.ENSP00000319279,9606.ENSP00000356669,9606.ENSP00000359612,9606.ENSP00000362179,9606.ENSP00000362774,9606.ENSP00000392025,9606.ENSP00000481570","RELB,ILDR2,MALT1,RC3H1,BCL10,ZC3H12A,RC3H2,CYLD,TNFAIP3"
GO:0006915,apoptotic process,4,915,0.65,0.0325,"9606.ENSP00000286186,9606.ENSP00000359612,9606.ENSP00000362179,9606.ENSP00000481570","CASP10,BCL10,ZC3H12A,TNFAIP3"
GO:0006954,inflammatory response,3,482,0.81,0.0332,"9606.ENSP00000221452,9606.ENSP00000362179,9606.ENSP00000481570","RELB,ZC3H12A,TNFAIP3"
GO:0044237,cellular metabolic process,14,8797,0.21,0.0332,"9606.ENSP00000221452,9606.ENSP00000319279,9606.ENSP00000340839,9606.ENSP00000348632,9606.ENSP00000349458,9606.ENSP00000356669,9606.ENSP00000359612,9606.ENSP00000362179,9606.ENSP00000362774,9606.ENSP00000368215,9606.ENSP00000386616,9606.ENSP00000392025,9606.ENSP00000481570,9606.ENSP00000482657","RELB,MALT1,ZC3H12B,RBCK1,ICK,RC3H1,BCL10,ZC3H12A,RC3H2,TAB3,ZC3H12D,CYLD,TNFAIP3,MAP3K14"
GO:0071900,regulation of protein serine/threonine kinase activity,3,488,0.8,0.0342,"9606.ENSP00000368215,9606.ENSP00000481570,9606.ENSP00000482657","TAB3,TNFAIP3,MAP3K14"
GO:0001934,positive regulation of protein phosphorylation,4,941,0.64,0.0354,"9606.ENSP00000319279,9606.ENSP00000362179,9606.ENSP00000368215,9606.ENSP00000482657","MALT1,ZC3H12A,TAB3,MAP3K14"
GO:0043410,positive regulation of MAPK cascade,3,512,0.78,0.0381,"9606.ENSP00000362179,9606.ENSP00000368215,9606.ENSP00000482657","ZC3H12A,TAB3,MAP3K14"
GO:0010952,positive regulation of peptidase activity,2,178,1.06,0.0384,"9606.ENSP00000359612,9606.ENSP00000376505","BCL10,TANK"
GO:0051607,defense response to virus,2,181,1.06,0.0393,"9606.ENSP00000362179,9606.ENSP00000482657","ZC3H12A,MAP3K14"
GO:0051240,positive regulation of multicellular organismal process,5,1551,0.52,0.0415,"9606.ENSP00000319279,9606.ENSP00000359612,9606.ENSP00000362179,9606.ENSP00000392025,9606.ENSP00000481570","MALT1,BCL10,ZC3H12A,CYLD,TNFAIP3"
GO:0000956,nuclear-transcribed mRNA catabolic process,2,191,1.03,0.043,"9606.ENSP00000356669,9606.ENSP00000362179","RC3H1,ZC3H12A"
GO:0097237,cellular response to toxic substance,2,195,1.02,0.0446,"9606.ENSP00000362179,9606.ENSP00000481570","ZC3H12A,TNFAIP3"
GO:0071310,cellular response to organic substance,6,2219,0.44,0.0453,"9606.ENSP00000356669,9606.ENSP00000362179,9606.ENSP00000368215,9606.ENSP00000376505,9606.ENSP00000481570,9606.ENSP00000482657","RC3H1,ZC3H12A,TAB3,TANK,TNFAIP3,MAP3K14"
GO:0051254,positive regulation of RNA metabolic process,5,1596,0.51,0.046,"9606.ENSP00000221452,9606.ENSP00000356669,9606.ENSP00000359612,9606.ENSP00000362179,9606.ENSP00000386616","RELB,RC3H1,BCL10,ZC3H12A,ZC3H12D"
GO:0050790,regulation of catalytic activity,6,2249,0.44,0.0476,"9606.ENSP00000319279,9606.ENSP00000359612,9606.ENSP00000368215,9606.ENSP00000376505,9606.ENSP00000481570,9606.ENSP00000482657","MALT1,BCL10,TAB3,TANK,TNFAIP3,MAP3K14"
GO:0016032,viral process,3,571,0.73,0.0487,"9606.ENSP00000348632,9606.ENSP00000362179,9606.ENSP00000376505","RBCK1,ZC3H12A,TANK"